aadd-01	rv32	PASS
aaddu-01	rv32	PASS
asub-01	rv32	PASS
asubu-01	rv32	PASS
paadd.b-01	rv32	PASS
paadd.h-01	rv32	PASS
paaddu.b-01	rv32	PASS
paaddu.h-01	rv32	PASS
pabd.b-01	rv32	PASS
pabd.h-01	rv32	PASS
pabdu.b-01	rv32	PASS
pabdu.h-01	rv32	PASS
padd.b-01	rv32	PASS
padd.h-01	rv32	PASS
pasub.b-01	rv32	PASS
pasub.h-01	rv32	PASS
pasubu.b-01	rv32	PASS
pasubu.h-01	rv32	PASS
psadd.b-01	rv32	PASS
psadd.h-01	rv32	PASS
psaddu.b-01	rv32	PASS
psaddu.h-01	rv32	PASS
pssub.b-01	rv32	PASS
pssub.h-01	rv32	PASS
pssubu.b-01	rv32	PASS
pssubu.h-01	rv32	PASS
psub.b-01	rv32	PASS
psub.h-01	rv32	PASS
sadd-01	rv32	PASS
saddu-01	rv32	PASS
ssub-01	rv32	PASS
ssubu-01	rv32	PASS
macc.h01-01	rv32	PASS
maccu.h01-01	rv32	PASS
merge-01	rv32	PASS
mul.h01-01	rv32	PASS
mulu.h01-01	rv32	PASS
mvm-01	rv32	PASS
mvmn-01	rv32	PASS
pabdsumau.b-01	rv32	PASS
pabdsumu.b-01	rv32	PASS
pmul.h.b01-01	rv32	PASS
pmulu.h.b01-01	rv32	PASS
srx-01	rv32	PASS
psh1add.h-01	rv32	PASS
pssh1sadd.h-01	rv32	PASS
ssh1sadd-01	rv32	PASS
macc.h00-01	rv32	PASS
macc.h11-01	rv32	PASS
maccsu.h00-01	rv32	PASS
maccsu.h11-01	rv32	PASS
maccu.h00-01	rv32	PASS
maccu.h11-01	rv32	PASS
mul.h00-01	rv32	PASS
mul.h11-01	rv32	PASS
mulsu.h00-01	rv32	PASS
mulsu.h11-01	rv32	PASS
mulu.h00-01	rv32	PASS
mulu.h11-01	rv32	PASS
pmul.h.b00-01	rv32	PASS
pmul.h.b11-01	rv32	PASS
pmulsu.h.b00-01	rv32	PASS
pmulsu.h.b11-01	rv32	PASS
pmulu.h.b00-01	rv32	PASS
pmulu.h.b11-01	rv32	PASS
ppaireo.h-01	rv32	PASS
ppairo.h-01	rv32	PASS
ppairoe.h-01	rv32	PASS
mqacc.h01-01	rv32	PASS
mqracc.h01-01	rv32	PASS
pm2add.h-01	rv32	PASS
pm2add.hx-01	rv32	PASS
pm2adda.h-01	rv32	PASS
pm2adda.hx-01	rv32	PASS
pm2addasu.h-01	rv32	PASS
pm2addau.h-01	rv32	PASS
pm2addsu.h-01	rv32	PASS
pm2addu.h-01	rv32	PASS
pm2sadd.h-01	rv32	PASS
pm2sadd.hx-01	rv32	PASS
pm2sub.h-01	rv32	PASS
pm2sub.hx-01	rv32	PASS
pm2suba.h-01	rv32	PASS
pm2suba.hx-01	rv32	PASS
pm4add.b-01	rv32	PASS
pm4adda.b-01	rv32	PASS
pm4addasu.b-01	rv32	PASS
pm4addau.b-01	rv32	PASS
pm4addsu.b-01	rv32	PASS
pm4addu.b-01	rv32	PASS
pmq2add.h-01	rv32	PASS
pmq2adda.h-01	rv32	PASS
pmqr2add.h-01	rv32	PASS
pmqr2adda.h-01	rv32	PASS
mseq-01	rv32	PASS
mslt-01	rv32	PASS
msltu-01	rv32	PASS
paas.hx-01	rv32	PASS
pas.hx-01	rv32	PASS
pasa.hx-01	rv32	PASS
pmax.b-01	rv32	PASS
pmax.h-01	rv32	PASS
pmaxu.b-01	rv32	PASS
pmaxu.h-01	rv32	PASS
pmin.b-01	rv32	PASS
pmin.h-01	rv32	PASS
pminu.b-01	rv32	PASS
pminu.h-01	rv32	PASS
pmseq.b-01	rv32	PASS
pmseq.h-01	rv32	PASS
pmslt.b-01	rv32	PASS
pmslt.h-01	rv32	PASS
pmsltu.b-01	rv32	PASS
pmsltu.h-01	rv32	PASS
psa.hx-01	rv32	PASS
psas.hx-01	rv32	PASS
pssa.hx-01	rv32	PASS
mhacc-01	rv32	PASS
mhacc.h0-01	rv32	PASS
mhacc.h1-01	rv32	PASS
mhaccsu-01	rv32	PASS
mhaccsu.h0-01	rv32	PASS
mhaccsu.h1-01	rv32	PASS
mhaccu-01	rv32	PASS
mhracc-01	rv32	PASS
mhraccsu-01	rv32	PASS
mhraccu-01	rv32	PASS
mqacc.h00-01	rv32	PASS
mqacc.h11-01	rv32	PASS
mqracc.h00-01	rv32	PASS
mqracc.h11-01	rv32	PASS
mulh.h0-01	rv32	PASS
mulh.h1-01	rv32	PASS
mulhr-01	rv32	PASS
mulhrsu-01	rv32	PASS
mulhru-01	rv32	PASS
mulhsu.h0-01	rv32	PASS
mulhsu.h1-01	rv32	PASS
mulq-01	rv32	PASS
mulqr-01	rv32	PASS
pmhacc.h-01	rv32	PASS
pmhacc.h.b0-01	rv32	PASS
pmhacc.h.b1-01	rv32	PASS
pmhaccsu.h-01	rv32	PASS
pmhaccsu.h.b0-01	rv32	PASS
pmhaccsu.h.b1-01	rv32	PASS
pmhaccu.h-01	rv32	PASS
pmhracc.h-01	rv32	PASS
pmhraccsu.h-01	rv32	PASS
pmhraccu.h-01	rv32	PASS
pmulh.h-01	rv32	PASS
pmulh.h.b0-01	rv32	PASS
pmulh.h.b1-01	rv32	PASS
pmulhr.h-01	rv32	PASS
pmulhrsu.h-01	rv32	PASS
pmulhru.h-01	rv32	PASS
pmulhsu.h-01	rv32	PASS
pmulhsu.h.b0-01	rv32	PASS
pmulhsu.h.b1-01	rv32	PASS
pmulhu.h-01	rv32	PASS
pmulq.h-01	rv32	PASS
pmulqr.h-01	rv32	PASS
pli.db-01	rv32	PASS
pli.dh-01	rv32	PASS
plui.dh-01	rv32	PASS
pwslai.b-01	rv32	PASS
pwslai.h-01	rv32	PASS
pwslli.b-01	rv32	PASS
pwslli.h-01	rv32	PASS
wslai-01	rv32	PASS
wslli-01	rv32	PASS
pm2wadd.h-01	rv32	PASS
pm2wadd.hx-01	rv32	PASS
pm2wadda.h-01	rv32	PASS
pm2wadda.hx-01	rv32	PASS
pm2waddasu.h-01	rv32	PASS
pm2waddau.h-01	rv32	PASS
pm2waddsu.h-01	rv32	PASS
pm2waddu.h-01	rv32	PASS
pm2wsub.h-01	rv32	PASS
pm2wsub.hx-01	rv32	PASS
pm2wsuba.h-01	rv32	PASS
pm2wsuba.hx-01	rv32	PASS
pmqrwacc.h-01	rv32	PASS
pmqwacc.h-01	rv32	PASS
pwadd.b-01	rv32	PASS
pwadd.h-01	rv32	PASS
pwadda.b-01	rv32	PASS
pwadda.h-01	rv32	PASS
pwaddau.b-01	rv32	PASS
pwaddau.h-01	rv32	PASS
pwaddu.b-01	rv32	PASS
pwaddu.h-01	rv32	PASS
pwmacc.h-01	rv32	PASS
pwmaccsu.h-01	rv32	PASS
pwmaccu.h-01	rv32	PASS
pwmul.b-01	rv32	PASS
pwmul.h-01	rv32	PASS
pwmulsu.b-01	rv32	PASS
pwmulsu.h-01	rv32	PASS
pwmulu.b-01	rv32	PASS
pwmulu.h-01	rv32	PASS
pwsla.bs-01	rv32	PASS
pwsla.hs-01	rv32	PASS
pwsll.bs-01	rv32	PASS
pwsll.hs-01	rv32	PASS
pwsub.b-01	rv32	PASS
pwsub.h-01	rv32	PASS
pwsuba.b-01	rv32	PASS
pwsuba.h-01	rv32	PASS
pwsubau.b-01	rv32	PASS
pwsubau.h-01	rv32	PASS
pwsubu.b-01	rv32	PASS
pwsubu.h-01	rv32	PASS
wadd-01	rv32	PASS
wadda-01	rv32	PASS
waddau-01	rv32	PASS
waddu-01	rv32	PASS
wmacc-01	rv32	PASS
wmaccsu-01	rv32	PASS
wmaccu-01	rv32	PASS
wmul-01	rv32	PASS
wmulsu-01	rv32	PASS
wmulu-01	rv32	PASS
wsla-01	rv32	PASS
wsll-01	rv32	PASS
wsub-01	rv32	PASS
wsuba-01	rv32	PASS
wsubau-01	rv32	PASS
wsubu-01	rv32	PASS
wzip16p-01	rv32	PASS
wzip8p-01	rv32	PASS
nclip-01	rv32	PASS
nclipi-01	rv32	PASS
nclipiu-01	rv32	PASS
nclipr-01	rv32	PASS
nclipri-01	rv32	PASS
nclipriu-01	rv32	PASS
nclipru-01	rv32	PASS
nclipu-01	rv32	PASS
nsra-01	rv32	PASS
nsrai-01	rv32	PASS
nsrar-01	rv32	PASS
nsrari-01	rv32	PASS
nsrl-01	rv32	PASS
nsrli-01	rv32	PASS
pnclip.bs-01	rv32	PASS
pnclip.hs-01	rv32	PASS
pnclipi.b-01	rv32	PASS
pnclipi.h-01	rv32	PASS
pnclipiu.b-01	rv32	PASS
pnclipiu.h-01	rv32	PASS
pnclipr.bs-01	rv32	PASS
pnclipr.hs-01	rv32	PASS
pnclipri.b-01	rv32	PASS
pnclipri.h-01	rv32	PASS
pnclipriu.b-01	rv32	PASS
pnclipriu.h-01	rv32	PASS
pnclipru.bs-01	rv32	PASS
pnclipru.hs-01	rv32	PASS
pnclipu.bs-01	rv32	PASS
pnclipu.hs-01	rv32	PASS
pnsra.bs-01	rv32	PASS
pnsra.hs-01	rv32	PASS
pnsrai.b-01	rv32	PASS
pnsrai.h-01	rv32	PASS
pnsrar.bs-01	rv32	PASS
pnsrar.hs-01	rv32	PASS
pnsrari.b-01	rv32	PASS
pnsrari.h-01	rv32	PASS
pnsrl.bs-01	rv32	PASS
pnsrl.hs-01	rv32	PASS
pnsrli.b-01	rv32	PASS
pnsrli.h-01	rv32	PASS
predsum.dbs-01	rv32	PASS
predsum.dhs-01	rv32	PASS
predsumu.dbs-01	rv32	PASS
predsumu.dhs-01	rv32	PASS
padd.dbs-01	rv32	PASS
padd.dhs-01	rv32	PASS
padd.dws-01	rv32	PASS
psabs.db-01	rv32	PASS
psabs.dh-01	rv32	PASS
psext.dh.b-01	rv32	PASS
psext.dw.b-01	rv32	PASS
psext.dw.h-01	rv32	PASS
psll.dbs-01	rv32	PASS
psll.dhs-01	rv32	PASS
psll.dws-01	rv32	PASS
pslli.db-01	rv32	PASS
pslli.dh-01	rv32	PASS
pslli.dw-01	rv32	PASS
pssha.dhs-01	rv32	PASS
pssha.dws-01	rv32	PASS
psshar.dhs-01	rv32	PASS
psshar.dws-01	rv32	PASS
psslai.dh-01	rv32	PASS
psslai.dw-01	rv32	PASS
psati.dh-01	rv32	PASS
psati.dw-01	rv32	PASS
psra.dbs-01	rv32	PASS
psra.dhs-01	rv32	PASS
psra.dws-01	rv32	PASS
psrai.db-01	rv32	PASS
psrai.dh-01	rv32	PASS
psrai.dw-01	rv32	PASS
psrari.dh-01	rv32	PASS
psrari.dw-01	rv32	PASS
psrl.dbs-01	rv32	PASS
psrl.dhs-01	rv32	PASS
psrl.dws-01	rv32	PASS
psrli.db-01	rv32	PASS
psrli.dh-01	rv32	PASS
psrli.dw-01	rv32	PASS
pusati.dh-01	rv32	PASS
pusati.dw-01	rv32	PASS
addd-01	rv32	PASS
paadd.db-01	rv32	PASS
paadd.dh-01	rv32	PASS
paadd.dw-01	rv32	PASS
paaddu.db-01	rv32	PASS
paaddu.dh-01	rv32	PASS
paaddu.dw-01	rv32	PASS
pabd.db-01	rv32	PASS
pabd.dh-01	rv32	PASS
pabdu.db-01	rv32	PASS
pabdu.dh-01	rv32	PASS
padd.db-01	rv32	PASS
padd.dh-01	rv32	PASS
padd.dw-01	rv32	PASS
pasub.db-01	rv32	PASS
pasub.dh-01	rv32	PASS
pasub.dw-01	rv32	PASS
pasubu.db-01	rv32	PASS
pasubu.dh-01	rv32	PASS
pasubu.dw-01	rv32	PASS
psadd.db-01	rv32	PASS
psadd.dh-01	rv32	PASS
psadd.dw-01	rv32	PASS
psaddu.db-01	rv32	PASS
psaddu.dh-01	rv32	PASS
psaddu.dw-01	rv32	PASS
psh1add.dh-01	rv32	PASS
psh1add.dw-01	rv32	PASS
pssh1sadd.dh-01	rv32	PASS
pssh1sadd.dw-01	rv32	PASS
pssub.db-01	rv32	PASS
pssub.dh-01	rv32	PASS
pssub.dw-01	rv32	PASS
pssubu.db-01	rv32	PASS
pssubu.dh-01	rv32	PASS
pssubu.dw-01	rv32	PASS
psub.db-01	rv32	PASS
psub.dh-01	rv32	PASS
psub.dw-01	rv32	PASS
subd-01	rv32	PASS
paas.dhx-01	rv32	PASS
pas.dhx-01	rv32	PASS
pasa.dhx-01	rv32	PASS
pmax.db-01	rv32	PASS
pmax.dh-01	rv32	PASS
pmaxu.db-01	rv32	PASS
pmaxu.dh-01	rv32	PASS
pmin.db-01	rv32	PASS
pmin.dh-01	rv32	PASS
pminu.db-01	rv32	PASS
pminu.dh-01	rv32	PASS
pmseq.db-01	rv32	PASS
pmseq.dh-01	rv32	PASS
pmseq.dw-01	rv32	PASS
pmslt.db-01	rv32	PASS
pmslt.dh-01	rv32	PASS
pmslt.dw-01	rv32	PASS
pmsltu.db-01	rv32	PASS
pmsltu.dh-01	rv32	PASS
pmsltu.dw-01	rv32	PASS
ppaire.dh-01	rv32	PASS
ppaireo.dh-01	rv32	PASS
ppairo.dh-01	rv32	PASS
ppairoe.dh-01	rv32	PASS
psa.dhx-01	rv32	PASS
psas.dhx-01	rv32	PASS
pssa.dhx-01	rv32	PASS
abs-01	rv32	PASS
cls-01	rv32	PASS
clz-01	rv32	PASS
max-01	rv32	PASS
maxu-01	rv32	PASS
min-01	rv32	PASS
minu-01	rv32	PASS
pack-01	rv32	PASS
pslli.b-01	rv32	PASS
rev-01	rv32	PASS
rev8-01	rv32	PASS
sext.b-01	rv32	PASS
sext.h-01	rv32	PASS
sh1add-01	rv32	PASS
abs-01	rv32	PASS
cls-01	rv32	PASS
clz-01	rv32	PASS
rev-01	rv32	PASS
rev8-01	rv32	PASS
sext.b-01	rv32	PASS
sext.h-01	rv32	PASS
max-01	rv32	PASS
maxu-01	rv32	PASS
min-01	rv32	PASS
minu-01	rv32	PASS
pack-01	rv32	PASS
sh1add-01	rv32	PASS
pli.b-01	rv32	PASS
pli.h-01	rv32	PASS
plui.h-01	rv32	PASS
psabs.b-01	rv32	PASS
psabs.h-01	rv32	PASS
psext.h.b-01	rv32	PASS
pslli.b-01	rv32	PASS
pslli.h-01	rv32	PASS
psslai.h-01	rv32	PASS
sslai-01	rv32	PASS
padd.bs-01	rv32	PASS
padd.hs-01	rv32	PASS
psll.bs-01	rv32	PASS
psll.hs-01	rv32	PASS
pssha.hs-01	rv32	PASS
psshar.hs-01	rv32	PASS
ssha-01	rv32	PASS
sshar-01	rv32	PASS
predsum.bs-01	rv32	PASS
predsum.hs-01	rv32	PASS
predsumu.bs-01	rv32	PASS
predsumu.hs-01	rv32	PASS
psati.h-01	rv32	PASS
psra.bs-01	rv32	PASS
psra.hs-01	rv32	PASS
psrai.b-01	rv32	PASS
psrai.h-01	rv32	PASS
psrari.h-01	rv32	PASS
psrl.bs-01	rv32	PASS
psrl.hs-01	rv32	PASS
psrli.b-01	rv32	PASS
psrli.h-01	rv32	PASS
pusati.h-01	rv32	PASS
sati-01	rv32	PASS
srari-01	rv32	PASS
usati-01	rv32	PASS
paadd.b-01	rv64	PASS
paadd.h-01	rv64	PASS
paadd.w-01	rv64	PASS
paaddu.b-01	rv64	PASS
paaddu.h-01	rv64	PASS
paaddu.w-01	rv64	PASS
pabd.b-01	rv64	PASS
pabd.h-01	rv64	PASS
pabdu.b-01	rv64	PASS
pabdu.h-01	rv64	PASS
padd.b-01	rv64	PASS
padd.h-01	rv64	PASS
padd.w-01	rv64	PASS
pasub.b-01	rv64	PASS
pasub.h-01	rv64	PASS
pasub.w-01	rv64	PASS
pasubu.b-01	rv64	PASS
pasubu.h-01	rv64	PASS
pasubu.w-01	rv64	PASS
psadd.b-01	rv64	PASS
psadd.h-01	rv64	PASS
psadd.w-01	rv64	PASS
psaddu.b-01	rv64	PASS
psaddu.h-01	rv64	PASS
psaddu.w-01	rv64	PASS
pssub.b-01	rv64	PASS
pssub.h-01	rv64	PASS
pssub.w-01	rv64	PASS
pssubu.b-01	rv64	PASS
pssubu.h-01	rv64	PASS
pssubu.w-01	rv64	PASS
psub.b-01	rv64	PASS
psub.h-01	rv64	PASS
psub.w-01	rv64	PASS
macc.w01-01	rv64	PASS
maccu.w01-01	rv64	PASS
merge-01	rv64	PASS
mul.w01-01	rv64	PASS
mulu.w01-01	rv64	PASS
mvm-01	rv64	PASS
mvmn-01	rv64	PASS
pabdsumau.b-01	rv64	PASS
pabdsumu.b-01	rv64	PASS
pmacc.w.h01-01	rv64	PASS
pmaccu.w.h01-01	rv64	PASS
pmul.h.b01-01	rv64	PASS
pmul.w.h01-01	rv64	PASS
pmulu.h.b01-01	rv64	PASS
pmulu.w.h01-01	rv64	PASS
srx-01	rv64	PASS
psh1add.h-01	rv64	PASS
psh1add.w-01	rv64	PASS
pssh1sadd.h-01	rv64	PASS
unzip16hp-01	rv64	PASS
unzip16p-01	rv64	PASS
unzip8hp-01	rv64	PASS
unzip8p-01	rv64	PASS
zip16hp-01	rv64	PASS
zip16p-01	rv64	PASS
zip8hp-01	rv64	PASS
zip8p-01	rv64	PASS
macc.w00-01	rv64	PASS
macc.w11-01	rv64	PASS
maccsu.w00-01	rv64	PASS
maccsu.w11-01	rv64	PASS
maccu.w00-01	rv64	PASS
maccu.w11-01	rv64	PASS
mul.w00-01	rv64	PASS
mul.w11-01	rv64	PASS
mulsu.w00-01	rv64	PASS
mulsu.w11-01	rv64	PASS
mulu.w00-01	rv64	PASS
mulu.w11-01	rv64	PASS
pmacc.w.h00-01	rv64	PASS
pmacc.w.h11-01	rv64	PASS
pmaccsu.w.h00-01	rv64	PASS
pmaccsu.w.h11-01	rv64	PASS
pmaccu.w.h00-01	rv64	PASS
pmaccu.w.h11-01	rv64	PASS
pmul.h.b00-01	rv64	PASS
pmul.h.b11-01	rv64	PASS
pmul.w.h00-01	rv64	PASS
pmul.w.h11-01	rv64	PASS
pmulsu.h.b00-01	rv64	PASS
pmulsu.h.b11-01	rv64	PASS
pmulsu.w.h00-01	rv64	PASS
pmulsu.w.h11-01	rv64	PASS
pmulu.h.b00-01	rv64	PASS
pmulu.h.b11-01	rv64	PASS
pmulu.w.h00-01	rv64	PASS
pmulu.w.h11-01	rv64	PASS
ppaire.h-01	rv64	PASS
ppaireo.h-01	rv64	PASS
ppaireo.w-01	rv64	PASS
ppairo.h-01	rv64	PASS
ppairo.w-01	rv64	PASS
ppairoe.h-01	rv64	PASS
ppairoe.w-01	rv64	PASS
mqacc.w01-01	rv64	PASS
mqracc.w01-01	rv64	PASS
pm2add.h-01	rv64	PASS
pm2add.hx-01	rv64	PASS
pm2add.w-01	rv64	PASS
pm2add.wx-01	rv64	PASS
pm2adda.h-01	rv64	PASS
pm2adda.hx-01	rv64	PASS
pm2adda.w-01	rv64	PASS
pm2adda.wx-01	rv64	PASS
pm2addasu.h-01	rv64	PASS
pm2addasu.w-01	rv64	PASS
pm2addau.h-01	rv64	PASS
pm2addau.w-01	rv64	PASS
pm2addsu.h-01	rv64	PASS
pm2addsu.w-01	rv64	PASS
pm2addu.h-01	rv64	PASS
pm2addu.w-01	rv64	PASS
pm2sadd.h-01	rv64	PASS
pm2sadd.hx-01	rv64	PASS
pm2sub.h-01	rv64	PASS
pm2sub.hx-01	rv64	PASS
pm2sub.w-01	rv64	PASS
pm2sub.wx-01	rv64	PASS
pm2suba.h-01	rv64	PASS
pm2suba.hx-01	rv64	PASS
pm2suba.w-01	rv64	PASS
pm2suba.wx-01	rv64	PASS
pm4add.b-01	rv64	PASS
pm4add.h-01	rv64	PASS
pm4adda.b-01	rv64	PASS
pm4adda.h-01	rv64	PASS
pm4addasu.b-01	rv64	PASS
pm4addasu.h-01	rv64	PASS
pm4addau.b-01	rv64	PASS
pm4addau.h-01	rv64	PASS
pm4addsu.b-01	rv64	PASS
pm4addsu.h-01	rv64	PASS
pm4addu.b-01	rv64	PASS
pm4addu.h-01	rv64	PASS
pmq2add.h-01	rv64	PASS
pmq2add.w-01	rv64	PASS
pmq2adda.h-01	rv64	PASS
pmq2adda.w-01	rv64	PASS
pmqacc.w.h01-01	rv64	PASS
pmqr2add.h-01	rv64	PASS
pmqr2add.w-01	rv64	PASS
pmqr2adda.h-01	rv64	PASS
pmqr2adda.w-01	rv64	PASS
pmqracc.w.h01-01	rv64	PASS
paas.hx-01	rv64	PASS
paas.wx-01	rv64	PASS
pas.hx-01	rv64	PASS
pas.wx-01	rv64	PASS
pasa.hx-01	rv64	PASS
pasa.wx-01	rv64	PASS
pmax.b-01	rv64	PASS
pmax.h-01	rv64	PASS
pmax.w-01	rv64	PASS
pmaxu.b-01	rv64	PASS
pmaxu.h-01	rv64	PASS
pmaxu.w-01	rv64	PASS
pmin.b-01	rv64	PASS
pmin.h-01	rv64	PASS
pmin.w-01	rv64	PASS
pminu.b-01	rv64	PASS
pminu.h-01	rv64	PASS
pminu.w-01	rv64	PASS
pmseq.b-01	rv64	PASS
pmseq.h-01	rv64	PASS
pmseq.w-01	rv64	PASS
pmslt.b-01	rv64	PASS
pmslt.h-01	rv64	PASS
pmslt.w-01	rv64	PASS
pmsltu.b-01	rv64	PASS
pmsltu.h-01	rv64	PASS
pmsltu.w-01	rv64	PASS
psa.hx-01	rv64	PASS
psa.wx-01	rv64	PASS
psas.hx-01	rv64	PASS
psas.wx-01	rv64	PASS
pssa.hx-01	rv64	PASS
pssa.wx-01	rv64	PASS
mqacc.w00-01	rv64	PASS
mqacc.w11-01	rv64	PASS
mqracc.w00-01	rv64	PASS
mqracc.w11-01	rv64	PASS
pmhacc.h-01	rv64	PASS
pmhacc.h.b0-01	rv64	PASS
pmhacc.h.b1-01	rv64	PASS
pmhacc.w-01	rv64	PASS
pmhacc.w.h0-01	rv64	PASS
pmhacc.w.h1-01	rv64	PASS
pmhaccsu.h-01	rv64	PASS
pmhaccsu.h.b0-01	rv64	PASS
pmhaccsu.h.b1-01	rv64	PASS
pmhaccsu.w-01	rv64	PASS
pmhaccsu.w.h0-01	rv64	PASS
pmhaccsu.w.h1-01	rv64	PASS
pmhaccu.h-01	rv64	PASS
pmhaccu.w-01	rv64	PASS
pmhracc.h-01	rv64	PASS
pmhracc.w-01	rv64	PASS
pmhraccsu.h-01	rv64	PASS
pmhraccsu.w-01	rv64	PASS
pmhraccu.h-01	rv64	PASS
pmhraccu.w-01	rv64	PASS
pmqacc.w.h00-01	rv64	PASS
pmqacc.w.h11-01	rv64	PASS
pmqracc.w.h00-01	rv64	PASS
pmqracc.w.h11-01	rv64	PASS
pmulh.h-01	rv64	PASS
pmulh.h.b0-01	rv64	PASS
pmulh.h.b1-01	rv64	PASS
pmulh.w-01	rv64	PASS
pmulh.w.h0-01	rv64	PASS
pmulh.w.h1-01	rv64	PASS
pmulhr.h-01	rv64	PASS
pmulhr.w-01	rv64	PASS
pmulhrsu.h-01	rv64	PASS
pmulhrsu.w-01	rv64	PASS
pmulhru.h-01	rv64	PASS
pmulhru.w-01	rv64	PASS
pmulhsu.h-01	rv64	PASS
pmulhsu.h.b0-01	rv64	PASS
pmulhsu.h.b1-01	rv64	PASS
pmulhsu.w-01	rv64	PASS
pmulhsu.w.h0-01	rv64	PASS
pmulhsu.w.h1-01	rv64	PASS
pmulhu.h-01	rv64	PASS
pmulhu.w-01	rv64	PASS
pmulq.h-01	rv64	PASS
pmulq.w-01	rv64	PASS
pmulqr.h-01	rv64	PASS
pmulqr.w-01	rv64	PASS
abs-01	rv64	PASS
absw-01	rv64	PASS
cls-01	rv64	PASS
clsw-01	rv64	PASS
clz-01	rv64	PASS
clzw-01	rv64	PASS
max-01	rv64	PASS
maxu-01	rv64	PASS
min-01	rv64	PASS
minu-01	rv64	PASS
pack-01	rv64	PASS
rev-01	rv64	PASS
rev16-01	rv64	PASS
rev8-01	rv64	PASS
sext.b-01	rv64	PASS
sext.h-01	rv64	PASS
sh1add-01	rv64	PASS
abs-01	rv64	PASS
absw-01	rv64	PASS
cls-01	rv64	PASS
clsw-01	rv64	PASS
clz-01	rv64	PASS
clzw-01	rv64	PASS
rev-01	rv64	PASS
rev16-01	rv64	PASS
rev8-01	rv64	PASS
sext.b-01	rv64	PASS
sext.h-01	rv64	PASS
max-01	rv64	PASS
maxu-01	rv64	PASS
min-01	rv64	PASS
minu-01	rv64	PASS
pack-01	rv64	PASS
sh1add-01	rv64	PASS
pli.b-01	rv64	PASS
pli.h-01	rv64	PASS
pli.w-01	rv64	PASS
plui.h-01	rv64	PASS
plui.w-01	rv64	PASS
psabs.b-01	rv64	PASS
psabs.h-01	rv64	PASS
psext.h.b-01	rv64	PASS
psext.w.b-01	rv64	PASS
psext.w.h-01	rv64	PASS
pslli.b-01	rv64	PASS
pslli.h-01	rv64	PASS
pslli.w-01	rv64	PASS
psslai.h-01	rv64	PASS
psslai.w-01	rv64	PASS
padd.bs-01	rv64	PASS
padd.hs-01	rv64	PASS
padd.ws-01	rv64	PASS
psll.bs-01	rv64	PASS
psll.hs-01	rv64	PASS
psll.ws-01	rv64	PASS
pssha.hs-01	rv64	PASS
pssha.ws-01	rv64	PASS
psshar.hs-01	rv64	PASS
psshar.ws-01	rv64	PASS
sha-01	rv64	PASS
shar-01	rv64	PASS
predsum.hs-01	rv64	PASS
predsum.ws-01	rv64	PASS
predsumu.ws-01	rv64	PASS
psati.h-01	rv64	PASS
psati.w-01	rv64	PASS
psra.bs-01	rv64	PASS
psra.hs-01	rv64	PASS
psra.ws-01	rv64	PASS
psrai.b-01	rv64	PASS
psrai.h-01	rv64	PASS
psrai.w-01	rv64	PASS
psrari.h-01	rv64	PASS
psrari.w-01	rv64	PASS
psrl.bs-01	rv64	PASS
psrl.hs-01	rv64	PASS
psrl.ws-01	rv64	PASS
psrli.b-01	rv64	PASS
psrli.h-01	rv64	PASS
psrli.w-01	rv64	PASS
pusati.h-01	rv64	PASS
pusati.w-01	rv64	PASS
sati-01	rv64	PASS
srari-01	rv64	PASS
usati-01	rv64	PASS
