test_10/aadd-01	rv32	PASS
test_10/aaddu-01	rv32	PASS
test_10/asub-01	rv32	PASS
test_10/asubu-01	rv32	PASS
test_10/paadd.b-01	rv32	PASS
test_10/paadd.h-01	rv32	PASS
test_10/paaddu.b-01	rv32	PASS
test_10/paaddu.h-01	rv32	PASS
test_10/pabd.b-01	rv32	PASS
test_10/pabd.h-01	rv32	PASS
test_10/pabdu.b-01	rv32	PASS
test_10/pabdu.h-01	rv32	PASS
test_10/padd.b-01	rv32	PASS
test_10/padd.h-01	rv32	PASS
test_10/pasub.b-01	rv32	PASS
test_10/pasub.h-01	rv32	PASS
test_10/pasubu.b-01	rv32	PASS
test_10/pasubu.h-01	rv32	PASS
test_10/psadd.b-01	rv32	PASS
test_10/psadd.h-01	rv32	PASS
test_10/psaddu.b-01	rv32	PASS
test_10/psaddu.h-01	rv32	PASS
test_10/pssub.b-01	rv32	PASS
test_10/pssub.h-01	rv32	PASS
test_10/pssubu.b-01	rv32	PASS
test_10/pssubu.h-01	rv32	PASS
test_10/psub.b-01	rv32	PASS
test_10/psub.h-01	rv32	PASS
test_10/sadd-01	rv32	PASS
test_10/saddu-01	rv32	PASS
test_10/ssub-01	rv32	PASS
test_10/ssubu-01	rv32	PASS
test_11/macc.h01-01	rv32	PASS
test_11/maccu.h01-01	rv32	PASS
test_11/merge-01	rv32	PASS
test_11/mul.h01-01	rv32	PASS
test_11/mulu.h01-01	rv32	PASS
test_11/mvm-01	rv32	PASS
test_11/mvmn-01	rv32	PASS
test_11/pabdsumau.b-01	rv32	PASS
test_11/pabdsumu.b-01	rv32	PASS
test_11/pmul.h.b01-01	rv32	PASS
test_11/pmulu.h.b01-01	rv32	PASS
test_11/srx-01	rv32	PASS
test_12/psh1add.h-01	rv32	PASS
test_12/pssh1sadd.h-01	rv32	PASS
test_12/ssh1sadd-01	rv32	PASS
test_13/macc.h00-01	rv32	PASS
test_13/macc.h11-01	rv32	PASS
test_13/maccsu.h00-01	rv32	PASS
test_13/maccsu.h11-01	rv32	PASS
test_13/maccu.h00-01	rv32	PASS
test_13/maccu.h11-01	rv32	PASS
test_13/mul.h00-01	rv32	PASS
test_13/mul.h11-01	rv32	PASS
test_13/mulsu.h00-01	rv32	PASS
test_13/mulsu.h11-01	rv32	PASS
test_13/mulu.h00-01	rv32	PASS
test_13/mulu.h11-01	rv32	PASS
test_13/pmul.h.b00-01	rv32	PASS
test_13/pmul.h.b11-01	rv32	PASS
test_13/pmulsu.h.b00-01	rv32	PASS
test_13/pmulsu.h.b11-01	rv32	PASS
test_13/pmulu.h.b00-01	rv32	PASS
test_13/pmulu.h.b11-01	rv32	PASS
test_14/ppaireo.h-01	rv32	PASS
test_14/ppairo.h-01	rv32	PASS
test_14/ppairoe.h-01	rv32	PASS
test_15/mqacc.h01-01	rv32	PASS
test_15/mqracc.h01-01	rv32	PASS
test_15/pm2add.h-01	rv32	PASS
test_15/pm2add.hx-01	rv32	PASS
test_15/pm2adda.h-01	rv32	PASS
test_15/pm2adda.hx-01	rv32	PASS
test_15/pm2addasu.h-01	rv32	PASS
test_15/pm2addau.h-01	rv32	PASS
test_15/pm2addsu.h-01	rv32	PASS
test_15/pm2addu.h-01	rv32	PASS
test_15/pm2sadd.h-01	rv32	PASS
test_15/pm2sadd.hx-01	rv32	PASS
test_15/pm2sub.h-01	rv32	PASS
test_15/pm2sub.hx-01	rv32	PASS
test_15/pm2suba.h-01	rv32	PASS
test_15/pm2suba.hx-01	rv32	PASS
test_15/pm4add.b-01	rv32	PASS
test_15/pm4adda.b-01	rv32	PASS
test_15/pm4addasu.b-01	rv32	PASS
test_15/pm4addau.b-01	rv32	PASS
test_15/pm4addsu.b-01	rv32	PASS
test_15/pm4addu.b-01	rv32	PASS
test_15/pmq2add.h-01	rv32	PASS
test_15/pmq2adda.h-01	rv32	PASS
test_15/pmqr2add.h-01	rv32	PASS
test_15/pmqr2adda.h-01	rv32	PASS
test_16/mseq-01	rv32	PASS
test_16/mslt-01	rv32	PASS
test_16/msltu-01	rv32	PASS
test_16/paas.hx-01	rv32	PASS
test_16/pas.hx-01	rv32	PASS
test_16/pasa.hx-01	rv32	PASS
test_16/pmax.b-01	rv32	PASS
test_16/pmax.h-01	rv32	PASS
test_16/pmaxu.b-01	rv32	PASS
test_16/pmaxu.h-01	rv32	PASS
test_16/pmin.b-01	rv32	PASS
test_16/pmin.h-01	rv32	PASS
test_16/pminu.b-01	rv32	PASS
test_16/pminu.h-01	rv32	PASS
test_16/pmseq.b-01	rv32	PASS
test_16/pmseq.h-01	rv32	PASS
test_16/pmslt.b-01	rv32	PASS
test_16/pmslt.h-01	rv32	PASS
test_16/pmsltu.b-01	rv32	PASS
test_16/pmsltu.h-01	rv32	PASS
test_16/psa.hx-01	rv32	PASS
test_16/psas.hx-01	rv32	PASS
test_16/pssa.hx-01	rv32	PASS
test_17/mhacc-01	rv32	PASS
test_17/mhacc.h0-01	rv32	PASS
test_17/mhacc.h1-01	rv32	PASS
test_17/mhaccsu-01	rv32	PASS
test_17/mhaccsu.h0-01	rv32	PASS
test_17/mhaccsu.h1-01	rv32	PASS
test_17/mhaccu-01	rv32	PASS
test_17/mhracc-01	rv32	PASS
test_17/mhraccsu-01	rv32	PASS
test_17/mhraccu-01	rv32	PASS
test_17/mqacc.h00-01	rv32	PASS
test_17/mqacc.h11-01	rv32	PASS
test_17/mqracc.h00-01	rv32	PASS
test_17/mqracc.h11-01	rv32	PASS
test_17/mulh.h0-01	rv32	PASS
test_17/mulh.h1-01	rv32	PASS
test_17/mulhr-01	rv32	PASS
test_17/mulhrsu-01	rv32	PASS
test_17/mulhru-01	rv32	PASS
test_17/mulhsu.h0-01	rv32	PASS
test_17/mulhsu.h1-01	rv32	PASS
test_17/mulq-01	rv32	PASS
test_17/mulqr-01	rv32	PASS
test_17/pmhacc.h-01	rv32	PASS
test_17/pmhacc.h.b0-01	rv32	PASS
test_17/pmhacc.h.b1-01	rv32	PASS
test_17/pmhaccsu.h-01	rv32	PASS
test_17/pmhaccsu.h.b0-01	rv32	PASS
test_17/pmhaccsu.h.b1-01	rv32	PASS
test_17/pmhaccu.h-01	rv32	PASS
test_17/pmhracc.h-01	rv32	PASS
test_17/pmhraccsu.h-01	rv32	PASS
test_17/pmhraccu.h-01	rv32	PASS
test_17/pmulh.h-01	rv32	PASS
test_17/pmulh.h.b0-01	rv32	PASS
test_17/pmulh.h.b1-01	rv32	PASS
test_17/pmulhr.h-01	rv32	PASS
test_17/pmulhrsu.h-01	rv32	PASS
test_17/pmulhru.h-01	rv32	PASS
test_17/pmulhsu.h-01	rv32	PASS
test_17/pmulhsu.h.b0-01	rv32	PASS
test_17/pmulhsu.h.b1-01	rv32	PASS
test_17/pmulhu.h-01	rv32	PASS
test_17/pmulq.h-01	rv32	PASS
test_17/pmulqr.h-01	rv32	PASS
test_18/pli.db-01	rv32	PASS
test_18/pli.dh-01	rv32	PASS
test_18/plui.dh-01	rv32	PASS
test_18/pwslai.b-01	rv32	PASS
test_18/pwslai.h-01	rv32	PASS
test_18/pwslli.b-01	rv32	PASS
test_18/pwslli.h-01	rv32	PASS
test_18/wslai-01	rv32	PASS
test_18/wslli-01	rv32	PASS
test_19/pm2wadd.h-01	rv32	PASS
test_19/pm2wadd.hx-01	rv32	PASS
test_19/pm2wadda.h-01	rv32	PASS
test_19/pm2wadda.hx-01	rv32	PASS
test_19/pm2waddasu.h-01	rv32	PASS
test_19/pm2waddau.h-01	rv32	PASS
test_19/pm2waddsu.h-01	rv32	PASS
test_19/pm2waddu.h-01	rv32	PASS
test_19/pm2wsub.h-01	rv32	PASS
test_19/pm2wsub.hx-01	rv32	PASS
test_19/pm2wsuba.h-01	rv32	PASS
test_19/pm2wsuba.hx-01	rv32	PASS
test_19/pmqrwacc.h-01	rv32	PASS
test_19/pmqwacc.h-01	rv32	PASS
test_19/pwadd.b-01	rv32	PASS
test_19/pwadd.h-01	rv32	PASS
test_19/pwadda.b-01	rv32	PASS
test_19/pwadda.h-01	rv32	PASS
test_19/pwaddau.b-01	rv32	PASS
test_19/pwaddau.h-01	rv32	PASS
test_19/pwaddu.b-01	rv32	PASS
test_19/pwaddu.h-01	rv32	PASS
test_19/pwmacc.h-01	rv32	PASS
test_19/pwmaccsu.h-01	rv32	PASS
test_19/pwmaccu.h-01	rv32	PASS
test_19/pwmul.b-01	rv32	PASS
test_19/pwmul.h-01	rv32	PASS
test_19/pwmulsu.b-01	rv32	PASS
test_19/pwmulsu.h-01	rv32	PASS
test_19/pwmulu.b-01	rv32	PASS
test_19/pwmulu.h-01	rv32	PASS
test_19/pwsla.bs-01	rv32	PASS
test_19/pwsla.hs-01	rv32	PASS
test_19/pwsll.bs-01	rv32	PASS
test_19/pwsll.hs-01	rv32	PASS
test_19/pwsub.b-01	rv32	PASS
test_19/pwsub.h-01	rv32	PASS
test_19/pwsuba.b-01	rv32	PASS
test_19/pwsuba.h-01	rv32	PASS
test_19/pwsubau.b-01	rv32	PASS
test_19/pwsubau.h-01	rv32	PASS
test_19/pwsubu.b-01	rv32	PASS
test_19/pwsubu.h-01	rv32	PASS
test_19/wadd-01	rv32	PASS
test_19/wadda-01	rv32	PASS
test_19/waddau-01	rv32	PASS
test_19/waddu-01	rv32	PASS
test_19/wmacc-01	rv32	PASS
test_19/wmaccsu-01	rv32	PASS
test_19/wmaccu-01	rv32	PASS
test_19/wmul-01	rv32	PASS
test_19/wmulsu-01	rv32	PASS
test_19/wmulu-01	rv32	PASS
test_19/wsla-01	rv32	PASS
test_19/wsll-01	rv32	PASS
test_19/wsub-01	rv32	PASS
test_19/wsuba-01	rv32	PASS
test_19/wsubau-01	rv32	PASS
test_19/wsubu-01	rv32	PASS
test_19/wzip16p-01	rv32	PASS
test_19/wzip8p-01	rv32	PASS
test_20/nclip-01	rv32	PASS
test_20/nclipi-01	rv32	PASS
test_20/nclipiu-01	rv32	PASS
test_20/nclipr-01	rv32	PASS
test_20/nclipri-01	rv32	PASS
test_20/nclipriu-01	rv32	PASS
test_20/nclipru-01	rv32	PASS
test_20/nclipu-01	rv32	PASS
test_20/nsra-01	rv32	PASS
test_20/nsrai-01	rv32	PASS
test_20/nsrar-01	rv32	PASS
test_20/nsrari-01	rv32	PASS
test_20/nsrl-01	rv32	PASS
test_20/nsrli-01	rv32	PASS
test_20/pnclip.bs-01	rv32	PASS
test_20/pnclip.hs-01	rv32	PASS
test_20/pnclipi.b-01	rv32	PASS
test_20/pnclipi.h-01	rv32	PASS
test_20/pnclipiu.b-01	rv32	PASS
test_20/pnclipiu.h-01	rv32	PASS
test_20/pnclipr.bs-01	rv32	PASS
test_20/pnclipr.hs-01	rv32	PASS
test_20/pnclipri.b-01	rv32	PASS
test_20/pnclipri.h-01	rv32	PASS
test_20/pnclipriu.b-01	rv32	PASS
test_20/pnclipriu.h-01	rv32	PASS
test_20/pnclipru.bs-01	rv32	PASS
test_20/pnclipru.hs-01	rv32	PASS
test_20/pnclipu.bs-01	rv32	PASS
test_20/pnclipu.hs-01	rv32	PASS
test_20/pnsra.bs-01	rv32	PASS
test_20/pnsra.hs-01	rv32	PASS
test_20/pnsrai.b-01	rv32	PASS
test_20/pnsrai.h-01	rv32	PASS
test_20/pnsrar.bs-01	rv32	PASS
test_20/pnsrar.hs-01	rv32	PASS
test_20/pnsrari.b-01	rv32	PASS
test_20/pnsrari.h-01	rv32	PASS
test_20/pnsrl.bs-01	rv32	PASS
test_20/pnsrl.hs-01	rv32	PASS
test_20/pnsrli.b-01	rv32	PASS
test_20/pnsrli.h-01	rv32	PASS
test_20/predsum.dbs-01	rv32	PASS
test_20/predsum.dhs-01	rv32	PASS
test_20/predsumu.dbs-01	rv32	PASS
test_20/predsumu.dhs-01	rv32	PASS
test_21/padd.dbs-01	rv32	PASS
test_21/padd.dhs-01	rv32	PASS
test_21/padd.dws-01	rv32	PASS
test_21/psabs.db-01	rv32	PASS
test_21/psabs.dh-01	rv32	PASS
test_21/psext.dh.b-01	rv32	PASS
test_21/psext.dw.b-01	rv32	PASS
test_21/psext.dw.h-01	rv32	PASS
test_21/psll.dbs-01	rv32	PASS
test_21/psll.dhs-01	rv32	PASS
test_21/psll.dws-01	rv32	PASS
test_21/pslli.db-01	rv32	PASS
test_21/pslli.dh-01	rv32	PASS
test_21/pslli.dw-01	rv32	PASS
test_21/pssha.dhs-01	rv32	PASS
test_21/pssha.dws-01	rv32	PASS
test_21/psshar.dhs-01	rv32	PASS
test_21/psshar.dws-01	rv32	PASS
test_21/psslai.dh-01	rv32	PASS
test_21/psslai.dw-01	rv32	PASS
test_22/psati.dh-01	rv32	PASS
test_22/psati.dw-01	rv32	PASS
test_22/psra.dbs-01	rv32	PASS
test_22/psra.dhs-01	rv32	PASS
test_22/psra.dws-01	rv32	PASS
test_22/psrai.db-01	rv32	PASS
test_22/psrai.dh-01	rv32	PASS
test_22/psrai.dw-01	rv32	PASS
test_22/psrari.dh-01	rv32	PASS
test_22/psrari.dw-01	rv32	PASS
test_22/psrl.dbs-01	rv32	PASS
test_22/psrl.dhs-01	rv32	PASS
test_22/psrl.dws-01	rv32	PASS
test_22/psrli.db-01	rv32	PASS
test_22/psrli.dh-01	rv32	PASS
test_22/psrli.dw-01	rv32	PASS
test_22/pusati.dh-01	rv32	PASS
test_22/pusati.dw-01	rv32	PASS
test_23/addd-01	rv32	PASS
test_23/paadd.db-01	rv32	PASS
test_23/paadd.dh-01	rv32	PASS
test_23/paadd.dw-01	rv32	PASS
test_23/paaddu.db-01	rv32	PASS
test_23/paaddu.dh-01	rv32	PASS
test_23/paaddu.dw-01	rv32	PASS
test_23/pabd.db-01	rv32	PASS
test_23/pabd.dh-01	rv32	PASS
test_23/pabdu.db-01	rv32	PASS
test_23/pabdu.dh-01	rv32	PASS
test_23/padd.db-01	rv32	PASS
test_23/padd.dh-01	rv32	PASS
test_23/padd.dw-01	rv32	PASS
test_23/pasub.db-01	rv32	PASS
test_23/pasub.dh-01	rv32	PASS
test_23/pasub.dw-01	rv32	PASS
test_23/pasubu.db-01	rv32	PASS
test_23/pasubu.dh-01	rv32	PASS
test_23/pasubu.dw-01	rv32	PASS
test_23/psadd.db-01	rv32	PASS
test_23/psadd.dh-01	rv32	PASS
test_23/psadd.dw-01	rv32	PASS
test_23/psaddu.db-01	rv32	PASS
test_23/psaddu.dh-01	rv32	PASS
test_23/psaddu.dw-01	rv32	PASS
test_23/psh1add.dh-01	rv32	PASS
test_23/psh1add.dw-01	rv32	PASS
test_23/pssh1sadd.dh-01	rv32	PASS
test_23/pssh1sadd.dw-01	rv32	PASS
test_23/pssub.db-01	rv32	PASS
test_23/pssub.dh-01	rv32	PASS
test_23/pssub.dw-01	rv32	PASS
test_23/pssubu.db-01	rv32	PASS
test_23/pssubu.dh-01	rv32	PASS
test_23/pssubu.dw-01	rv32	PASS
test_23/psub.db-01	rv32	PASS
test_23/psub.dh-01	rv32	PASS
test_23/psub.dw-01	rv32	PASS
test_23/subd-01	rv32	PASS
test_24/paas.dhx-01	rv32	PASS
test_24/pas.dhx-01	rv32	PASS
test_24/pasa.dhx-01	rv32	PASS
test_24/pmax.db-01	rv32	PASS
test_24/pmax.dh-01	rv32	PASS
test_24/pmaxu.db-01	rv32	PASS
test_24/pmaxu.dh-01	rv32	PASS
test_24/pmin.db-01	rv32	PASS
test_24/pmin.dh-01	rv32	PASS
test_24/pminu.db-01	rv32	PASS
test_24/pminu.dh-01	rv32	PASS
test_24/pmseq.db-01	rv32	PASS
test_24/pmseq.dh-01	rv32	PASS
test_24/pmseq.dw-01	rv32	PASS
test_24/pmslt.db-01	rv32	PASS
test_24/pmslt.dh-01	rv32	PASS
test_24/pmslt.dw-01	rv32	PASS
test_24/pmsltu.db-01	rv32	PASS
test_24/pmsltu.dh-01	rv32	PASS
test_24/pmsltu.dw-01	rv32	PASS
test_24/ppaire.dh-01	rv32	PASS
test_24/ppaireo.dh-01	rv32	PASS
test_24/ppairo.dh-01	rv32	PASS
test_24/ppairoe.dh-01	rv32	PASS
test_24/psa.dhx-01	rv32	PASS
test_24/psas.dhx-01	rv32	PASS
test_24/pssa.dhx-01	rv32	PASS
test_4-5/abs-01	rv32	PASS
test_4-5/cls-01	rv32	PASS
test_4-5/clz-01	rv32	PASS
test_4-5/max-01	rv32	PASS
test_4-5/maxu-01	rv32	PASS
test_4-5/min-01	rv32	PASS
test_4-5/minu-01	rv32	PASS
test_4-5/pack-01	rv32	PASS
test_4-5/pslli.b-01	rv32	PASS
test_4-5/rev-01	rv32	PASS
test_4-5/rev8-01	rv32	PASS
test_4-5/sext.b-01	rv32	PASS
test_4-5/sext.h-01	rv32	PASS
test_4-5/sh1add-01	rv32	PASS
test_4/abs-01	rv32	PASS
test_4/cls-01	rv32	PASS
test_4/clz-01	rv32	PASS
test_4/rev-01	rv32	PASS
test_4/rev8-01	rv32	PASS
test_4/sext.b-01	rv32	PASS
test_4/sext.h-01	rv32	PASS
test_5/max-01	rv32	PASS
test_5/maxu-01	rv32	PASS
test_5/min-01	rv32	PASS
test_5/minu-01	rv32	PASS
test_5/pack-01	rv32	PASS
test_5/sh1add-01	rv32	PASS
test_6-7/pli.b-01	rv32	PASS
test_6-7/pli.h-01	rv32	PASS
test_6-7/plui.h-01	rv32	PASS
test_6-7/psabs.b-01	rv32	PASS
test_6-7/psabs.h-01	rv32	PASS
test_6-7/psext.h.b-01	rv32	PASS
test_6-7/pslli.b-01	rv32	PASS
test_6-7/pslli.h-01	rv32	PASS
test_6-7/psslai.h-01	rv32	PASS
test_6-7/sslai-01	rv32	PASS
test_8/padd.bs-01	rv32	PASS
test_8/padd.hs-01	rv32	PASS
test_8/psll.bs-01	rv32	PASS
test_8/psll.hs-01	rv32	PASS
test_8/pssha.hs-01	rv32	PASS
test_8/psshar.hs-01	rv32	PASS
test_8/ssha-01	rv32	PASS
test_8/sshar-01	rv32	PASS
test_9/predsum.bs-01	rv32	PASS
test_9/predsum.hs-01	rv32	PASS
test_9/predsumu.bs-01	rv32	PASS
test_9/predsumu.hs-01	rv32	PASS
test_9/psati.h-01	rv32	PASS
test_9/psra.bs-01	rv32	PASS
test_9/psra.hs-01	rv32	PASS
test_9/psrai.b-01	rv32	PASS
test_9/psrai.h-01	rv32	PASS
test_9/psrari.h-01	rv32	PASS
test_9/psrl.bs-01	rv32	PASS
test_9/psrl.hs-01	rv32	PASS
test_9/psrli.b-01	rv32	PASS
test_9/psrli.h-01	rv32	PASS
test_9/pusati.h-01	rv32	PASS
test_9/sati-01	rv32	PASS
test_9/srari-01	rv32	PASS
test_9/usati-01	rv32	PASS
test_10/paadd.b-01	rv64	PASS
test_10/paadd.h-01	rv64	PASS
test_10/paadd.w-01	rv64	PASS
test_10/paaddu.b-01	rv64	PASS
test_10/paaddu.h-01	rv64	PASS
test_10/paaddu.w-01	rv64	PASS
test_10/pabd.b-01	rv64	PASS
test_10/pabd.h-01	rv64	PASS
test_10/pabdu.b-01	rv64	PASS
test_10/pabdu.h-01	rv64	PASS
test_10/padd.b-01	rv64	PASS
test_10/padd.h-01	rv64	PASS
test_10/padd.w-01	rv64	PASS
test_10/pasub.b-01	rv64	PASS
test_10/pasub.h-01	rv64	PASS
test_10/pasub.w-01	rv64	PASS
test_10/pasubu.b-01	rv64	PASS
test_10/pasubu.h-01	rv64	PASS
test_10/pasubu.w-01	rv64	PASS
test_10/psadd.b-01	rv64	PASS
test_10/psadd.h-01	rv64	PASS
test_10/psadd.w-01	rv64	PASS
test_10/psaddu.b-01	rv64	PASS
test_10/psaddu.h-01	rv64	PASS
test_10/psaddu.w-01	rv64	PASS
test_10/pssub.b-01	rv64	PASS
test_10/pssub.h-01	rv64	PASS
test_10/pssub.w-01	rv64	PASS
test_10/pssubu.b-01	rv64	PASS
test_10/pssubu.h-01	rv64	PASS
test_10/pssubu.w-01	rv64	PASS
test_10/psub.b-01	rv64	PASS
test_10/psub.h-01	rv64	PASS
test_10/psub.w-01	rv64	PASS
test_11/macc.w01-01	rv64	PASS
test_11/maccu.w01-01	rv64	PASS
test_11/merge-01	rv64	PASS
test_11/mul.w01-01	rv64	PASS
test_11/mulu.w01-01	rv64	PASS
test_11/mvm-01	rv64	PASS
test_11/mvmn-01	rv64	PASS
test_11/pabdsumau.b-01	rv64	PASS
test_11/pabdsumu.b-01	rv64	PASS
test_11/pmacc.w.h01-01	rv64	PASS
test_11/pmaccu.w.h01-01	rv64	PASS
test_11/pmul.h.b01-01	rv64	PASS
test_11/pmul.w.h01-01	rv64	PASS
test_11/pmulu.h.b01-01	rv64	PASS
test_11/pmulu.w.h01-01	rv64	PASS
test_11/srx-01	rv64	PASS
test_12/psh1add.h-01	rv64	PASS
test_12/psh1add.w-01	rv64	PASS
test_12/pssh1sadd.h-01	rv64	PASS
test_12/unzip16hp-01	rv64	PASS
test_12/unzip16p-01	rv64	PASS
test_12/unzip8hp-01	rv64	PASS
test_12/unzip8p-01	rv64	PASS
test_12/zip16hp-01	rv64	PASS
test_12/zip16p-01	rv64	PASS
test_12/zip8hp-01	rv64	PASS
test_12/zip8p-01	rv64	PASS
test_13/macc.w00-01	rv64	PASS
test_13/macc.w11-01	rv64	PASS
test_13/maccsu.w00-01	rv64	PASS
test_13/maccsu.w11-01	rv64	PASS
test_13/maccu.w00-01	rv64	PASS
test_13/maccu.w11-01	rv64	PASS
test_13/mul.w00-01	rv64	PASS
test_13/mul.w11-01	rv64	PASS
test_13/mulsu.w00-01	rv64	PASS
test_13/mulsu.w11-01	rv64	PASS
test_13/mulu.w00-01	rv64	PASS
test_13/mulu.w11-01	rv64	PASS
test_13/pmacc.w.h00-01	rv64	PASS
test_13/pmacc.w.h11-01	rv64	PASS
test_13/pmaccsu.w.h00-01	rv64	PASS
test_13/pmaccsu.w.h11-01	rv64	PASS
test_13/pmaccu.w.h00-01	rv64	PASS
test_13/pmaccu.w.h11-01	rv64	PASS
test_13/pmul.h.b00-01	rv64	PASS
test_13/pmul.h.b11-01	rv64	PASS
test_13/pmul.w.h00-01	rv64	PASS
test_13/pmul.w.h11-01	rv64	PASS
test_13/pmulsu.h.b00-01	rv64	PASS
test_13/pmulsu.h.b11-01	rv64	PASS
test_13/pmulsu.w.h00-01	rv64	PASS
test_13/pmulsu.w.h11-01	rv64	PASS
test_13/pmulu.h.b00-01	rv64	PASS
test_13/pmulu.h.b11-01	rv64	PASS
test_13/pmulu.w.h00-01	rv64	PASS
test_13/pmulu.w.h11-01	rv64	PASS
test_14/ppaire.h-01	rv64	PASS
test_14/ppaireo.h-01	rv64	PASS
test_14/ppaireo.w-01	rv64	PASS
test_14/ppairo.h-01	rv64	PASS
test_14/ppairo.w-01	rv64	PASS
test_14/ppairoe.h-01	rv64	PASS
test_14/ppairoe.w-01	rv64	PASS
test_15/mqacc.w01-01	rv64	PASS
test_15/mqracc.w01-01	rv64	PASS
test_15/pm2add.h-01	rv64	PASS
test_15/pm2add.hx-01	rv64	PASS
test_15/pm2add.w-01	rv64	PASS
test_15/pm2add.wx-01	rv64	PASS
test_15/pm2adda.h-01	rv64	PASS
test_15/pm2adda.hx-01	rv64	PASS
test_15/pm2adda.w-01	rv64	PASS
test_15/pm2adda.wx-01	rv64	PASS
test_15/pm2addasu.h-01	rv64	PASS
test_15/pm2addasu.w-01	rv64	PASS
test_15/pm2addau.h-01	rv64	PASS
test_15/pm2addau.w-01	rv64	PASS
test_15/pm2addsu.h-01	rv64	PASS
test_15/pm2addsu.w-01	rv64	PASS
test_15/pm2addu.h-01	rv64	PASS
test_15/pm2addu.w-01	rv64	PASS
test_15/pm2sadd.h-01	rv64	PASS
test_15/pm2sadd.hx-01	rv64	PASS
test_15/pm2sub.h-01	rv64	PASS
test_15/pm2sub.hx-01	rv64	PASS
test_15/pm2sub.w-01	rv64	PASS
test_15/pm2sub.wx-01	rv64	PASS
test_15/pm2suba.h-01	rv64	PASS
test_15/pm2suba.hx-01	rv64	PASS
test_15/pm2suba.w-01	rv64	PASS
test_15/pm2suba.wx-01	rv64	PASS
test_15/pm4add.b-01	rv64	PASS
test_15/pm4add.h-01	rv64	PASS
test_15/pm4adda.b-01	rv64	PASS
test_15/pm4adda.h-01	rv64	PASS
test_15/pm4addasu.b-01	rv64	PASS
test_15/pm4addasu.h-01	rv64	PASS
test_15/pm4addau.b-01	rv64	PASS
test_15/pm4addau.h-01	rv64	PASS
test_15/pm4addsu.b-01	rv64	PASS
test_15/pm4addsu.h-01	rv64	PASS
test_15/pm4addu.b-01	rv64	PASS
test_15/pm4addu.h-01	rv64	PASS
test_15/pmq2add.h-01	rv64	PASS
test_15/pmq2add.w-01	rv64	PASS
test_15/pmq2adda.h-01	rv64	PASS
test_15/pmq2adda.w-01	rv64	PASS
test_15/pmqacc.w.h01-01	rv64	PASS
test_15/pmqr2add.h-01	rv64	PASS
test_15/pmqr2add.w-01	rv64	PASS
test_15/pmqr2adda.h-01	rv64	PASS
test_15/pmqr2adda.w-01	rv64	PASS
test_15/pmqracc.w.h01-01	rv64	PASS
test_16/paas.hx-01	rv64	PASS
test_16/paas.wx-01	rv64	PASS
test_16/pas.hx-01	rv64	PASS
test_16/pas.wx-01	rv64	PASS
test_16/pasa.hx-01	rv64	PASS
test_16/pasa.wx-01	rv64	PASS
test_16/pmax.b-01	rv64	PASS
test_16/pmax.h-01	rv64	PASS
test_16/pmax.w-01	rv64	PASS
test_16/pmaxu.b-01	rv64	PASS
test_16/pmaxu.h-01	rv64	PASS
test_16/pmaxu.w-01	rv64	PASS
test_16/pmin.b-01	rv64	PASS
test_16/pmin.h-01	rv64	PASS
test_16/pmin.w-01	rv64	PASS
test_16/pminu.b-01	rv64	PASS
test_16/pminu.h-01	rv64	PASS
test_16/pminu.w-01	rv64	PASS
test_16/pmseq.b-01	rv64	PASS
test_16/pmseq.h-01	rv64	PASS
test_16/pmseq.w-01	rv64	PASS
test_16/pmslt.b-01	rv64	PASS
test_16/pmslt.h-01	rv64	PASS
test_16/pmslt.w-01	rv64	PASS
test_16/pmsltu.b-01	rv64	PASS
test_16/pmsltu.h-01	rv64	PASS
test_16/pmsltu.w-01	rv64	PASS
test_16/psa.hx-01	rv64	PASS
test_16/psa.wx-01	rv64	PASS
test_16/psas.hx-01	rv64	PASS
test_16/psas.wx-01	rv64	PASS
test_16/pssa.hx-01	rv64	PASS
test_16/pssa.wx-01	rv64	PASS
test_17/mqacc.w00-01	rv64	PASS
test_17/mqacc.w11-01	rv64	PASS
test_17/mqracc.w00-01	rv64	PASS
test_17/mqracc.w11-01	rv64	PASS
test_17/pmhacc.h-01	rv64	PASS
test_17/pmhacc.h.b0-01	rv64	PASS
test_17/pmhacc.h.b1-01	rv64	PASS
test_17/pmhacc.w-01	rv64	PASS
test_17/pmhacc.w.h0-01	rv64	PASS
test_17/pmhacc.w.h1-01	rv64	PASS
test_17/pmhaccsu.h-01	rv64	PASS
test_17/pmhaccsu.h.b0-01	rv64	PASS
test_17/pmhaccsu.h.b1-01	rv64	PASS
test_17/pmhaccsu.w-01	rv64	PASS
test_17/pmhaccsu.w.h0-01	rv64	PASS
test_17/pmhaccsu.w.h1-01	rv64	PASS
test_17/pmhaccu.h-01	rv64	PASS
test_17/pmhaccu.w-01	rv64	PASS
test_17/pmhracc.h-01	rv64	PASS
test_17/pmhracc.w-01	rv64	PASS
test_17/pmhraccsu.h-01	rv64	PASS
test_17/pmhraccsu.w-01	rv64	PASS
test_17/pmhraccu.h-01	rv64	PASS
test_17/pmhraccu.w-01	rv64	PASS
test_17/pmqacc.w.h00-01	rv64	PASS
test_17/pmqacc.w.h11-01	rv64	PASS
test_17/pmqracc.w.h00-01	rv64	PASS
test_17/pmqracc.w.h11-01	rv64	PASS
test_17/pmulh.h-01	rv64	PASS
test_17/pmulh.h.b0-01	rv64	PASS
test_17/pmulh.h.b1-01	rv64	PASS
test_17/pmulh.w-01	rv64	PASS
test_17/pmulh.w.h0-01	rv64	PASS
test_17/pmulh.w.h1-01	rv64	PASS
test_17/pmulhr.h-01	rv64	PASS
test_17/pmulhr.w-01	rv64	PASS
test_17/pmulhrsu.h-01	rv64	PASS
test_17/pmulhrsu.w-01	rv64	PASS
test_17/pmulhru.h-01	rv64	PASS
test_17/pmulhru.w-01	rv64	PASS
test_17/pmulhsu.h-01	rv64	PASS
test_17/pmulhsu.h.b0-01	rv64	PASS
test_17/pmulhsu.h.b1-01	rv64	PASS
test_17/pmulhsu.w-01	rv64	PASS
test_17/pmulhsu.w.h0-01	rv64	PASS
test_17/pmulhsu.w.h1-01	rv64	PASS
test_17/pmulhu.h-01	rv64	PASS
test_17/pmulhu.w-01	rv64	PASS
test_17/pmulq.h-01	rv64	PASS
test_17/pmulq.w-01	rv64	PASS
test_17/pmulqr.h-01	rv64	PASS
test_17/pmulqr.w-01	rv64	PASS
test_4-5/abs-01	rv64	PASS
test_4-5/absw-01	rv64	PASS
test_4-5/cls-01	rv64	PASS
test_4-5/clsw-01	rv64	PASS
test_4-5/clz-01	rv64	PASS
test_4-5/clzw-01	rv64	PASS
test_4-5/max-01	rv64	PASS
test_4-5/maxu-01	rv64	PASS
test_4-5/min-01	rv64	PASS
test_4-5/minu-01	rv64	PASS
test_4-5/pack-01	rv64	PASS
test_4-5/rev-01	rv64	PASS
test_4-5/rev16-01	rv64	PASS
test_4-5/rev8-01	rv64	PASS
test_4-5/sext.b-01	rv64	PASS
test_4-5/sext.h-01	rv64	PASS
test_4-5/sh1add-01	rv64	PASS
test_4/abs-01	rv64	PASS
test_4/absw-01	rv64	PASS
test_4/cls-01	rv64	PASS
test_4/clsw-01	rv64	PASS
test_4/clz-01	rv64	PASS
test_4/clzw-01	rv64	PASS
test_4/rev-01	rv64	PASS
test_4/rev16-01	rv64	PASS
test_4/rev8-01	rv64	PASS
test_4/sext.b-01	rv64	PASS
test_4/sext.h-01	rv64	PASS
test_5/max-01	rv64	PASS
test_5/maxu-01	rv64	PASS
test_5/min-01	rv64	PASS
test_5/minu-01	rv64	PASS
test_5/pack-01	rv64	PASS
test_5/sh1add-01	rv64	PASS
test_6-7/pli.b-01	rv64	PASS
test_6-7/pli.h-01	rv64	PASS
test_6-7/pli.w-01	rv64	PASS
test_6-7/plui.h-01	rv64	PASS
test_6-7/plui.w-01	rv64	PASS
test_6-7/psabs.b-01	rv64	PASS
test_6-7/psabs.h-01	rv64	PASS
test_6-7/psext.h.b-01	rv64	PASS
test_6-7/psext.w.b-01	rv64	PASS
test_6-7/psext.w.h-01	rv64	PASS
test_6-7/pslli.b-01	rv64	PASS
test_6-7/pslli.h-01	rv64	PASS
test_6-7/pslli.w-01	rv64	PASS
test_6-7/psslai.h-01	rv64	PASS
test_6-7/psslai.w-01	rv64	PASS
test_8/padd.bs-01	rv64	PASS
test_8/padd.hs-01	rv64	PASS
test_8/padd.ws-01	rv64	PASS
test_8/psll.bs-01	rv64	PASS
test_8/psll.hs-01	rv64	PASS
test_8/psll.ws-01	rv64	PASS
test_8/pssha.hs-01	rv64	PASS
test_8/pssha.ws-01	rv64	PASS
test_8/psshar.hs-01	rv64	PASS
test_8/psshar.ws-01	rv64	PASS
test_8/sha-01	rv64	PASS
test_8/shar-01	rv64	PASS
test_9/predsum.hs-01	rv64	PASS
test_9/predsum.ws-01	rv64	PASS
test_9/predsumu.ws-01	rv64	PASS
test_9/psati.h-01	rv64	PASS
test_9/psati.w-01	rv64	PASS
test_9/psra.bs-01	rv64	PASS
test_9/psra.hs-01	rv64	PASS
test_9/psra.ws-01	rv64	PASS
test_9/psrai.b-01	rv64	PASS
test_9/psrai.h-01	rv64	PASS
test_9/psrai.w-01	rv64	PASS
test_9/psrari.h-01	rv64	PASS
test_9/psrari.w-01	rv64	PASS
test_9/psrl.bs-01	rv64	PASS
test_9/psrl.hs-01	rv64	PASS
test_9/psrl.ws-01	rv64	PASS
test_9/psrli.b-01	rv64	PASS
test_9/psrli.h-01	rv64	PASS
test_9/psrli.w-01	rv64	PASS
test_9/pusati.h-01	rv64	PASS
test_9/pusati.w-01	rv64	PASS
test_9/sati-01	rv64	PASS
test_9/srari-01	rv64	PASS
test_9/usati-01	rv64	PASS
